Jordon;Édouard
Alys;Deryck
Aaliyah;Lis
Elian;Xanthia
Gianmarco;In'am
Fantine;Owen
Martyna;Modya
Fulton;Quang
Feodor;Mozes
Shakir;Shelby
Shiloh;Shyam
Ailbhe;Brooke
Eliot;Riccarda
Bellona;Cainan
Kailey;Zhou
Esther;Lorn
Aatu;Katalin
Ari;Jimmie
Aubin;Khorshed
Edmundo;Harvey
Georgiy;Tara
Kerry;Teunis
Lavra;Queenie
Giorgia;Émilie
Monique;Nohan
Chernobog;Efraín
Georgina;Noah
Bartolomé;Jacob
Fulton;Miltiades
Bram;Selig
Franz;Wieslawa
Brandie;Spiridon
Marina;Vincenc
Ghislain;Shereen
Publius;Till
Apostolos;Columban
Ashton;Kean
Chelsea;Graeme
Alphonse;Kristel
Osheen;Wanda
Marie-Lou;Éimhín
Absalom;Janel
Botros;Ismat
Cecelia;Vesna
Ham;Senan
Ama;Dearbháil
Horus;Shamira
Aliah;Gerd
Alphonzo;Torgeir
Galal;Rocky
Alter;Mckayla
Juliette;Xoán
Feichín;Jeni
Devdas;Pascal
Leontius;Yvonne
Ladislao;Shankar
Ceridwen;Samir
Adriaan;Gita
Jakov;Karamba
Iola;Quetzalcoatl
Hania;Taddeo
Micah;Raffaello
Columba;Jim
Katharina;Reetta
Gittan;Nohan
Carbry;Nakato
Inbar;Sumiko
Becca;Erwin
Nikomachos;Valentina
Jillie;Theunis
Cass;Liviu
Camron;Mónica
Booker;Midori
Etzel;Reto
Arvo;Kornél
Barna;Ozan
Zarathustra;Zilla
Josué;William
Channing;Qadir
Aravinda;Lucile
Aglea;Bergliot
Marius;Marty
Allyson;Kasimir
Lilavati;Robbie
Amedeo;Marouane
Baldassare;Moche
Philomel;Shany
Chadwick;Hermokrates
Cyrine;Ludger
Eufemia;Phyliss
Justina;Lalage
Clifton;Ilbert
Havilah;Süleiman
Isam;Yudel
Emiliana;Priya
Brittney;Mairéad
Akeem;Sebastiano
Laurentine;Zuri
Malie;Maximus
Ila;Toby