Dionysus;Samy
Ermentraud;Leda
Liesl;Mathúin
Shireen;Elen
Priya;Sabrina
Trini;Bjorne
Adriano;Donal
Przemyslaw;Merita
Menachem;Antigone
Jawdat;Kathy
Lexine;Briscoe
Corbin;Kristjana
Alice;Abimael
Lydie;Zakiyya
Myrddin;Fiorella
Andrina;Éimhín
Chin;Everild
Mamoudou;Adelheid
Hal;Miya
Asa;Traherne
Marsha;Ikraam
Ríona;Aulus
Jacinda;Håvard
Bluma;Jordaan
Antonin;Eidel
Marielle;Adjoa
Anneli;Renae
Jalmari;Gaspard
Arduino;Jerri
Lóránd;Harun
Breanna;Elina
Bekki;Shan
Asim;Ottila
Gay;Issy
Em;Iúile
Rickie;Flavio
Johnathon;Joleen
Jairus;Syrine
Ossia;Lupe
Taïs;Neville
Bartosz;Freddy
Wilburn;Salamon
Hersh;Ashlyn
Bartolomeo;Ríoghnach
Amaël;Elea
Leto;Guðrún
Apolline;Yutke
Rabbie;Qadir
Menuha;Wenceslas
Valerian;Ing
Glenda;Mariamne
Einrí;Dorian
Houda;Petya
Manya;Tadeusz
Sita;Ansel
Éibhear;Sandie
Fionnghuala;Sevastian
Samoyla;Jasper
Jareth;Andreu
Wayne;Séafra
Neriah;Meliora
Antwan;Nayeli
Raymundo;Muadhnait
Ahuva;Odo
Glanville;Clelie
Arcadia;Enitan
Oliver;Marine
Lavonne;Albrecht
Kyung-Soon;Sadhbh
Dwayne;Fedya
Orah;Venyamin
Christelle;Marcelline
Hiawatha;Hùng
Brahma;Gratian
Howell;Hilaire
Ekwueme;Jochim
Éibhear;Linnie
Niklas;Murali
Flip;Izabela
Bronwyn;Maureen
Candelas;Beowulf
Nunziatina;Hari
Safa;Kade
Bárbara;Cissy
Yngve;Milburn
Fulgenzio;Joandra
Ochieng;Donata
Svyatopolk;Serafima
Kazimeras;Toscane
Lorcán;Azariah
Perry;Rawane
Leopold;Jahzeel
Lexy;Colton
Pavel;Fravardin
Raymundo;Paget
Boleslaw;Eliahou
Kathleen;Ruuben
Golda;Romola
Myra;Gorden
Elnora;Julyan
